Question,Label
About what proportion of the population of the US is living on farms?,knowledge
Correctly label the brain lobes indicated on the diagram below,knowledge
Define compound interest.,knowledge
Define four types of traceability.,knowledge
Define mercantilism.,knowledge
"Define stream bank, floodplain and substrate.",knowledge
Define the meaning of the Olympic Motto.,knowledge
Draw and label a diagram of a typical stream.,knowledge
Draw the basic outline of a page of notes using the Cornell Method?,knowledge
Draw the block diagram of the central processing unit ,knowledge
Draw the flow chart of the PNK system,knowledge
How many instructions in the instruction set of RISC computer?,knowledge
How many kilometers from your home to the university,knowledge
How many loop statement available in c++?,knowledge
How many states are there in USA,knowledge
How many years does this animal live?,knowledge
How much data can be stored in the cach memory,knowledge
How much did he pay for his car,knowledge
How much is your weight,knowledge
How much time did he took to build a house,knowledge
How much water does an elephant drink,knowledge
Identify a phrase as a simile,knowledge
"Identify a property (commutative, additive, etc(",knowledge
Identify fractions from a pictorial representation,knowledge
Identify ordinal positions,knowledge
Identify the correct definition of osmosis.,knowledge
Identify the five major prophets of the Old Testament.,knowledge
Identify the part of a eukaryotic cell.,knowledge
Identify the standard peripheral components of a computer.,knowledge
Identify which word begins with the same sound as the s in sun (Knowledge of letter s),knowledge
in which continent does the state of suriname fall,knowledge
in which countries is arabic language spoken,knowledge
In Which part of the world does he live ,knowledge
Label any Olympic sporting apparatus with design features.,knowledge
Label the parts of the following insects: Grasshopper,knowledge
 Label the parts of the microscope shown on the right,knowledge
List four types of clauses mentioned in the article,knowledge
List reserved words in C programming.,knowledge
List the characteristics peculiar to the Cubist movement.,knowledge
List the levels in Bloom's Taxonomy.,knowledge
List the procedure to draw a mixed potential or Evans' diagram,knowledge
List the steps involved in titration.,knowledge
List three characteristics that are unique to the Cubist movement.,knowledge
List three predominant economic systems that exist,knowledge
Look at the symbol. What is the symbol’s purpose on a map?,knowledge
Make a list of facts you learned from the story.,knowledge
Name 5 steps that follow the taking of notes (within 24 hours or less)?,knowledge
Name the artist who painted the Mona Lisa.,knowledge
Name the food groups and at least two items of food in each group.,knowledge
Name the four major food groups.,knowledge
Name the main characters in the story.,knowledge
Name the property that states that,knowledge
Please label the diagram below:,knowledge
Recall basic math facts,knowledge
Recall locations of a historical events,knowledge
Recall the definition of the formula datatype from your assignment 2.,knowledge
Recall the equation for the Ideal Gas Law.,knowledge
Recall the following pictoral example of an implementation of some queue operations,knowledge
recall the supply voltage constraints,knowledge
Recite a policy of immigration in Europe .,knowledge
"Recite the poem ""Auto Wreck"".",knowledge
Recite the principles of the Data Protection Act.,knowledge
Recite the the Gaussian law,knowledge
State four attributes of well engineered software.,knowledge
State how to find a word in a dictionary,knowledge
State the characteristics of each type of corrosion testing studied,knowledge
State the definition of application in Bloom's Taxonomy.,knowledge
State the formula for the area of a circle,knowledge
State the guidelines to design an anodic protection system,knowledge
State the pattern for expressing time in French.,knowledge
State the rule for balls and strikes in baseball.,knowledge
State the rule for using a semicolon in a sentence.,knowledge
What are major facts about particular cultures and societies,knowledge
What are the major products and exports of countries,knowledge
What are the representational symbols on maps and charts,knowledge
What are the structure or functions of Congress,knowledge
What are the units of corrosion penetration rates? Relate these to Faraday's law,knowledge
What does ICT stands for.,knowledge
What is  your family name,knowledge
What is a global variable?,knowledge
What is a textual index,knowledge
What is the setting of To Kill a Mockingbird?,knowledge
What is the title of the first movie you saw ,knowledge
What season are we in right now?,knowledge
when did saudi arabia start using internet,knowledge
when did the first saudi radio station open,knowledge
When did the second world war happen ,knowledge
When did you born ?,knowledge
when was the first airport in the yemen built,knowledge
when was the UN formed ,knowledge
Which of the following is the method for determining the volume of a cylinder?,knowledge
Which of the following item does not belong to the set ?,knowledge
Which of the two liquids is hypotonic ,knowledge
which part of a data packet is used by a router to determine the destination network,knowledge
Which technology is used by laser printer,knowledge
Who is the first president   of USA,knowledge
who is the founder of the kingdom of saudi Arabia,knowledge
who was the first man on the moon,knowledge
who was the first to compose in the arts of makamat,knowledge
Who was the writer of the Hamilton ,knowledge
Compare Calliope with Howie. Use the word bank.,Comprehension
Compare historical events to contemporary situations,Comprehension
Complete an analogy (analogy tasks are inference tasks),Comprehension
Describe 4 types of coupling in software design.,Comprehension
Describe how Phillip and Timothy survived on the Cay.,Comprehension
Describe in prose what is shown in graph form.,Comprehension
Describe in your own words how to borrow a book from the library.,Comprehension
Describe in your own words how to copy text from one program into another.,Comprehension
Describe in your own words what happens when a stream's velocity slows.,Comprehension
Describe in your own words what is meant by a sprained ankle.,Comprehension
Describe nuclear transport to a lay person.,Comprehension
Describe the Pareto Principle in statistical software quality assurance.,Comprehension
Describe what goes in each of the four areas on the first page of notes,Comprehension
Describe what took place as the Hato was sinking.,Comprehension
Describe how the linear polarization method can yield corrosion rates,Comprehension
Describe the major clinical differences between visceral and somatic pain,Comprehension
Briefly describe the author's approach to the liabilities of the GOTO statement,Comprehension
Describe what happened at...?,Comprehension
Determine the author’s point of view,Comprehension
Determine the next number in a sequence,Comprehension
Discuss the nature of socialism.,Comprehension
Explain how Timothy saved Phillip's life.,Comprehension
Explain in one's own words how to create a query in a database.,Comprehension
Explain in your own words what a recessive gene is.,Comprehension
Explain in your own words what do you mean by the term economics?,Comprehension
Explain in your own words what is meant by mercantilism.,Comprehension
Explain the causes of historical events,Comprehension
Explain the communicative property.,Comprehension
"Explain the double meaning the author attributes to the term ""successive action descriptions""",Comprehension
Explain the possible uses described in class for the space to the left of the vertical line.,Comprehension
Explain the process (paraphrase) for finding the perimeter of a rectangular garden,Comprehension
Explain what a poem means.,Comprehension
"Explain what the author means by the statement ""our intellectual powers are geared to master static relations.",Comprehension
Express your opinion of 'Drugs in Sport' through poetry.,Comprehension
From a blueprint to describe the article depicted.,Comprehension
"Given a graph of production trends in automobiles, describe what the graph represents in a memo to your boss.",Comprehension
"Given these five corrosion inhibitors, V, W, X, Y, Z, identify which are passivators  ",Comprehension
"Illustrate this caption: ""Olympic as a Media Event in the Information Society""",Comprehension
Illustrate what you think the main idea was.,Comprehension
In one sentence explain the main idea of a written passage.,Comprehension
In one sentence illustrate the main point of a written passage.,Comprehension
Interpret the pictures.,Comprehension
Outline in your own words how the Leggo's Tomato Paste advertisement sells their product.,Comprehension
Outline the most important insight of the tale.,Comprehension
Outline the mechanisms employed by bacteria allowing them to evade phagocytic destruction.,Comprehension
"Outline an ""attack plan"" that will allow you to test your hypothesis using computational molecular modeling tools",Comprehension
Paraphrase an important speech,Comprehension
Paraphrase what Hamlet is saying in his soliloquy.,Comprehension
Paraphrase the poem in your own words,Comprehension
"Paraphrase this poem about Sheik Schubli, explaining what he was saying about the characteristics of a friend",Comprehension
Describe the output of this program fragment:,Comprehension
Classify types of corrosion inhibitors  ,Comprehension
 would you classify the zener diode in this circuit as a series voltage regulator or a shunt voltage regulator,Comprehension
"Classify the following protocols: IP, TCP, HTTP according to the ISO OSI classification",Comprehension
"Classify the following substances as particle, atom, element, molecule, compound",Comprehension
How would you classify the geographic location of your school,Comprehension
Classify animals into two groups.,Comprehension
Classify celebrations into family and community categories.,Comprehension
Classify frogs toads and other amphibians.,Comprehension
Restate main idea of story in own words.,Comprehension
Restate the Olympic motto in your own words.,Comprehension
Retell the story in your words.,Comprehension
Rewrite the principles of test writing.,Comprehension
Rewrite you predicted equation for the ideal gas law,Comprehension
Rewrite the markov matrix to account for this slight change.,Comprehension
"Rewrite the sentence in your head, following the direction given below",Comprehension
Rewrite a part in the poem using a different speaker,Comprehension
Select the best title for a passage,Comprehension
State in your own words the rule for balls and strikes in baseball.,Comprehension
State in your own words where in the library to find previous issues of journals that are no longer in the display racks.,Comprehension
Can you state in your own words what the problem is asking you to do,Comprehension
State in your own words what the author means when he says,Comprehension
Summarize a historical document,Comprehension
Summarize a story in own words.,Comprehension
Summarize Jem’s beliefs about Boo Radley,Comprehension
Summarize the basic tenets of collaborative conservation.,Comprehension
Summarize the basic tenets of deconstructionism.,Comprehension
Summarize this magazine article.,Comprehension
Tell how Phillip kept himself alive after Timothy died.,Comprehension
Tell in your own words how the setting of the story made it more interesting.,Comprehension
Tell in your own words the beginning of the book.,Comprehension
"In your own words, tell what is meant by the definition of an isosceles triangle.",Comprehension
"In your own words, how would you define transferable skills",Comprehension
Translate a written text aloud from L2 to English.,Comprehension
Translate an equation into a computer spreadsheet.,Comprehension
Translate an equation into a spreadsheet formula.,Comprehension
Translate the following passage from The Iliad into English.,Comprehension
Use the E-pH or Pourbaix diagram of Cr to determine the control current and potential for the anodic protection of a S43000 stainless steel vessel.  ,Comprehension
" Compare and contrast two treatments of either drapery or animals by Greek sculptors, establishing their artistic contexts",Comprehension
" Briefly compare this way of testing the satisfiability of to the more standard way using SLD Resolution, as in Prolog",Comprehension
 How would you compare SAS with the Visual Basic Application and SPSS for the processing and analysis of mainframe data,Comprehension
  Describe and compare the role of Islamic law in the legal systems of Malaysia and Pakistan,Comprehension
Express the rule in function notation,Comprehension
Express the following systems in matrix form,Comprehension
Express the following percentages as fractions in simplest form,Comprehension
Explain the whole method of crushing,Comprehension
"In your own words, how would you summarize the story up ",Comprehension
Summarize the main point of these two texts in your own words ,Comprehension
Outline the aim of two studies within the ,Comprehension
 Outline your experience in working with service users,Comprehension
Apply laws of statistics to evaluate the reliability of a written test.,Application
Apply shading to produce depth in drawing.,Application
Apply the rule of law to a new situation,Application
Apply the storytelling technique here to a little story of your own.,Application
Apply your understanding the Olympic spirit to develop a new motto or slogan.,Application
Show the value of x after running this program fragment,Application
Calculate for x in the following equation: 12x=36,Application
Calculate the deflection of a beam under uniform loading.,Application
Calculate the number of sacrificial anodes that would be required to form a calcareous deposit on a steel pile immersed in seawater. ,Application
Calculate the rate of habitat fragmentation within the Colorado Front Range in the last decade.,Application
Can you apply the method used to some experience of your own . . .?,Application
Can you group by characteristics such as . . .?,Application
Categorize the pictures and add them to the wall display.,Application
Choose a country that does not compete at the Olympics and explain why that country is not an Olympic member.,Application
Choose any U.S. president and explain how he exercised his power as Commander in Chief of the Armed Forces.,Application
Compute the area of actual circles.,Application
Compute the volume of a cylinder,Application
Construct a model to demonstrate how it will work.,Application
Demonstrate how the seasons occur.,Application
Demonstrate how this could work in an industry setting?,Application
Demonstrate using the OPAC and your knowledge of library organization to find a book about turtles.,Application
Demonstrate how your unit’s specific student learning outcomes are linked to the mission of UAM.,Application
Derive a kinetic model from experimental data.,Application
Describe an experiment to answer the question of the effects of weight on the fall of an object.,Application
Construct a market strategy for your product using a known strategy as a model.,Application
Construct a simple payroll program that computes net pay for those working 40 hours or less and net pay for those working over 40 hours.,Application
"Draw 3 pictures showing the beginning, middle and ending of the story.",Application
Draw a picture of the bears' house.,Application
Draw a picture of the gown Cinderella wore to the ball.,Application
"From the information given, can you develop a set of instructions about . . .?",Application
How could someone modify the Cornell Method to make it effective for researching a topic for a paper?,Application
How might lifestyles in the United States be modified if a more socialistic system were adopted?,Application
"If notes are available on the professor’s website, how should those notes be used?",Application
"In a teaching simulation with your peers role-playing 6th grade students, demonstrate the principle of reinforcement in classroom interactions and prepare a half page description of what happened during the simulation that validated the principle.",Application
Make a diorama to illustrate an important event.,Application
Make a paper-mache map to include relevant information about an event.,Application
Make a scrapbook about the areas of study.,Application
Make up a puzzle game using the ideas from the study area.,Application
Model an Olympic Village for the new Millenium.,Application
Participate in a mock election,Application
Predict what happens to X if Y increases.,Application
Pretend you are one of the characters in the book. Write a diary about the happenings in your life for two consecutive days.,Application
Relate the principle of reinforcement to classroom interactions.,Application
Relate topographic map to field features,Application
Relate your most powerful story where your use of technology in the classroom has yielded a significant outcome with a student or students,Application
How would you relate position concept with position strategy,Application
"Show, through role-play, the final scene in the novel.",Application
Solve a math problem using familiar procedure or formula,Application
Solve for the ten following fraction multiplication problems. Please make sure to show all your work.,Application
Would you solve these two problems using similar approaches,Application
Use Laplace to solve the following problems,Application
Can you solve the following problem ,Application
How to specify the impact energy and impact test temperature of the material in the Code,Application
Specify the thickness of a galvanized coating based on atmospheric data? (level 2) ,Application
Specify the thickness of a galvanized coating based on atmospheric data? (level 2) ,Application
How does one specify the syntactical restrictions,Application
Specify a deterministic finite automaton (DFA) recognizing the,Application
Take a collection of photographs to demonstrate a particular point.,Application
Use a costing model to compute prices on goods to maximise profits and minimise costs.,Application
Use a manual to calculate an employee's vacation time.,Application
Use the distance travelled and cost of petrol to calculate the cost of a coach trip using a spreadsheet.,Application
Use the rule for a semicolon in a sentence.,Application
What factors would you change if . . .?,Application
What questions would you ask if . . .?,Application
Who can use what we know about sonnets and finish this poem?,Application
Would this information be useful if you had a . . .?,Application
 Sketch a prediction of the field lines for the arrangement of electrodes shown in Figure 2,Application
Sketch the blackbody curves for radiation emitted from the Sun and the Earth,Application
Sketch a typical absorption process in a packed column with regeneration in form of,Application
 sketch a graph of velocity versus time for the upward and downward parts of a ball’s flight,Application
How do teenagers use code in emails and instant messages?,Application
 Use the second-derivative test to determine whether critical points where f0(x) = 0 yield relative maxima or relative minima,Application
  Use the unification algorithm to determine whether the following two terms are uni_able. Show intermediate step,Application
Use tableau methods to prove that the following tableau is valid.,Application
Use a sketch too find the exact value of each expression,Application
Use Gauss’ Law to find the electric field between the plates when the charge on them is Q,Application
 What happens if you restrict a determinental process to a subset R  S? ,Application
What would happen if the rainfall doubled in your state next year,Application
What happens if you change the direction of the displacement (but not its size)?,Application
What would you do if a heavy growth of bacteria had occurred ,Application
What would result if …,Application
What approach would you use to prove the truth of the below statement ,Application
 Construct one Turing Machine for computing each of the following functions,Application
Construct a Venn diagram to determine the validity of the given argument.,Application
Construct a dictionary and a truth table to determine if the following statements are logically equivalent,Application
"How can we construct H given I, B and E?",Application
 Construct a family of networks to demonstrate that the number of different mincuts in a network can be exponential in the size of the network,Application
 How do you construct foliations on a given manifold M?,Application
How to Construct the Optimal Maintenance Problem,Application
How to construct simple solutions when problems are complex?,Application
Construct the 4-Bit Ripple carry Adder Circuit,Application
Construct an analog circuit with the following specifications,Application
Construct the Data Path of the RISC Processor given in the previous question ,Application
How do we construct agents that can deliver. “good” assistance,Application
How to construct the selected information system,Application
Show how they have used creative writing strategies appropriate to the format,Application
Show how to modify Fitch's algorithm given in class today to accommodate non-binary,Application
Show how E-CRM can be used to improve marketing positioning as explained in the article,Application
How would you show your understanding of the ABC process,Application
Show me how you would check the brake lights are working on this car,Application
Analyze safe and dangerous aspects of these features.,Analyze
Analyze the characteristics of frogs.,Analyze
Analyze the movements and sounds of a frog.,Analyze
"Analyze the problem, identifying its variables.",Analyze
Break down the components of a standard film camera and explain how they interact to make the machine work.,Analyze
Break down the main actions of the story.,Analyze
"By comparing the map of the tectonic plates to the earthquake map, what inferences can you make?",Analyze
Can you compare your . . . with that presented in . . .?,Analyze
Can you distinguish between . . .?,Analyze
Can you explain what must have happened when . . .?,Analyze
Can you find four different feelings Pa Lia had during the story?,Analyze
Compare and contrast animals that the class has made.,Analyze
Compare and contrast our school to other communities.,Analyze
"Compare and contrast preview questions, clarifying questions and anticipated exam questions, including how each relates to the notetaking process? ",Analyze
Compare and contrast the waterfall model with the prototyping model.,Analyze
Compare and contrast two characters in the book.,Analyze
Compare fall and spring,Analyze
Compare herbatious and carnivorous animals on a Venn diagram.,Analyze
Compare how different children come to school.,Analyze
Compare the place where the story happened with where you live.,Analyze
Compare this book to the last book you read.,Analyze
Compare three celebrations using a Venn diagram.,Analyze
Compare two dog food commercials. What is the difference between them and how do they both sell their products?,Analyze
Compare two of the characters in this book.,Analyze
Conduct an investigation to produce information to support a view.,Analyze
Contrast building in the coastal zone with building in a river floodplain.,Analyze
Contrast Olympic athletes of today with athletes of past Olympic games.,Analyze
Differentiate between .call by value and call by reference.,Analyze
Differentiate printf function calls for displaying prompts and for echoing data.,Analyze
Distinguish between micro and macro economics.,Analyze
Distinguish facts from hypotheses,Analyze
"Divide the story into initiating event, rising action, climax, and falling action",Analyze
"Examine what helps to make a good Olympics? Think about money, schedules, sports and people.",Analyze
"Explain the term conjugal families, by making reference to the different types of societies to which they could belong.",Analyze
analyze the positive and negative points presented concerning the abolition of guns and write a brief (2-3page) narrative of your analysis.,Analyze
"Differentiate the passages that attacked a political opponent personally, and those that attacked an opponent's political programs.",Analyze
How does your pet differ from other animals?,Analyze
How does...compare/contrast with...?,Analyze
How is . . . similar to . . .?,Analyze
How was life different in your town 100 years ago?,Analyze
How was this similar to . . .?,Analyze
How would this story be different if it had happened in a different country?,Analyze
How would you distinguish between polymyositis and viral myositis in a 42-year-old man with weakness and a rash?,Analyze
"If your story happened in a foreign land, compare that land to the United States.",Analyze
"If your story occurred long ago, compare that time with today in a good paragraph. If it was a modern story, compare it with a long time ago and tell what would be different.",Analyze
Investigate innovations that can enhance future Olympics.,Analyze
Make a diagnosis or analyze a case study.,Analyze
Select the athlete of the century and analyze why you chose this person.,Analyze
"If interest were compounded monthly instead of daily, what would the difference in interest be?",Analyze
What are the parts or features of...?,Analyze
Distinguish between the following giving suitable examples,Analyze
Distinguish between abstract date types (ADTs) and implementations of ADTs,Analyze
" How do you distinguish between the binge-eating/purging type of anorexia nervosa and bulimia nervosa, purging type",Analyze
How does Tdap differ from Td vaccine,Analyze
How does autonomy differ with age,Analyze
In what ways do female offenders differ from male offenders,Analyze
in what ways trajectory patterns differ according to ABC,Analyze
How do psychologists differ in their general attitudes toward third party presence,Analyze
How did Chinese newspapers differ from US,Analyze
How does public health reporting differ today from reporting two years before,Analyze
How does an endorsement differ from a teaching certificate,Analyze
How do we differentiate between genuine buyer and undercover buyer,Analyze
 How do we differentiate between an interview and an interrogation?,Analyze
Differentiate between the following terms along with appropriate examples,Analyze
Differentiate the following functions using the quotient rule,Analyze
Can you differentiate between ethnic Chinese and ethnic Koreans,Analyze
How would you differentiate obstructive apneas from central apneas,Analyze
How would you differentiate a project from a program,Analyze
How is scientific progress similar to Darwinian evolution according to Kuhn,Analyze
"in what ways is oxyperoxidase similar to other oxygenated heme proteins, and how does it differ",Analyze
In what ways are foxes similar to wolves and dogs,Analyze
 How are the adolescents with ASD similar of different from each other in their sources of communication breakdowns ?,Analyze
Examine the data in the EMPLOYEES and DEPARTMENTS tables,Analyze
 Examine the differences between the model excluding the most influential observation and the model including all observations.,Analyze
Critically examine the strengths and weaknesses of the positivist paradigm,Analyze
Examine differences between the means of each individual switching factor.,Analyze
 Examine carefully the given map extract on the following page to help you work out the exercise below.,Analyze
" Inspect each of these Boolean expressions, and determine whether each one is a sum of products, or a product of sums",Analyze
 Inspect the size of the loaded data: how many objects and variables does the iris data matrix contain?,Analyze
 Can you distinguish for me between what is reasonably  achievable and what are  exaggerations,Analyze
Can you distinguish aged rums from unaged rums by smell,Analyze
Can you distinguish pot still rums from column still rums by taste,Analyze
Inspect the pattern of GPS positions relative to the “known” published value,Analyze
How does your agency inspect against its expectation for operators ,Analyze
How to inspect and maintain fresh water plumbing systems properly,Analyze
Can you analyze the fractures and determine which should be repaired surgically,Analyze
Can you please analyze modern contemporary culture and tell me how your work plays a significant part in the remains of our post-modernist culture ?,Analyze
"How effectively did students analyze course content on race, class, and privilege through autobiographical reflection",Analyze
How do you analyze a marginally RCT ,Analyze
"Contrast the treatment of ""well known"" trademarks provided by Paris Article and by TRIPS Article ",Analyze
Contrast the Valles Marineris on Mars with the Grand Canyon,Analyze
How does Hawaii contrast and compare to Florida?,Analyze
Investigate whether or not the system can be solved for x; y; z ,Analyze
Investigate (pointwise) convergence and absolute convergence of the given series of functions,Analyze
How would you investigate this patient,Analyze
How would you investigate this abnormality,Analyze
What can I do to investigate this problem further,Analyze
how the investigation was undertaken,Analyze
How would you differentiate between heterodox and mainstream,Analyze
"How do I differentiate between ""deceive"" and ""cheat on""?",Analyze
Apply and integrate several different strategies to solve a mathematical problem (not according to one formula(,synthesi
Can you create new and unusual uses for . . .?,synthesi
Can you design a . . . to . . .?,synthesi
Can you develop a proposal which would . . .?,synthesi
Can you invent another character for the story?,synthesi
Can you see a possible solution to . . .?,synthesi
Can you write a new recipe for a tasty dish?,synthesi
Choose a character. Rewrite a scene from the story from this character's point of view.,synthesi
Combine any two sports to develop a new Olympic sport.,synthesi
"Combine elements of drama, music, and dance into a stage presentation.",synthesi
Compose a class story.,synthesi
Compose a dialogue between Atticus Finch and Tom Robinson when they first met.,synthesi
Compose a rhythm or put new words to a known melody.,synthesi
Compose a simple rap or rhyme about zoo animals.,synthesi
Compose music for a frog play.,synthesi
Compose a complete C program that reads text strings from a text file into a suitable data,synthesi
Compose a device that would assist an athlete in their training.,synthesi
Compose an original work which incorporates five common materials in sculpture.,synthesi
Compose your own note-taking design that incorporates all theadvantages of the Cornell Method.,synthesi
Create a chart that compares things that use electricity and things that do NOT use electricity.,synthesi
Create a new product. Give it a name and plan a marketing campaign.,synthesi
"Create a new song for the opening line of ""Mary had a little lamb"".",synthesi
Create a set of guidelines to determine the points of a plant susceptible to localized corrosion.,synthesi
Create a storyboard for a sequel to your book. Use the same characters.,synthesi
Create an equation to represent the solution to this problem.,synthesi
Create and perform a play about frogs.,synthesi
Create plan of local environment by drawing around boxes.,synthesi
Design a building according to given specifications,synthesi
design a cost effective strategy to generate reliable data.,synthesi
Design a machine to perform a specific task.,synthesi
Design a new animal to live in the jungle.,synthesi
Design a poster for this book.,synthesi
Design a testing scenario to assess the susceptibility of an alloy to be used in a given environment?,synthesi
Design and make an animal that moves.,synthesi
Design costumes for the characters.,synthesi
Design the architecture of the software system based on the requirements defined in the Software Requirement Specification document,synthesi
Develop a hypothesis.,synthesi
Develop a plan for a new Olympic Bid System.,synthesi
Develop a SQA Plan for a software development project which is defined in the attached document.,synthesi
"Develop a way to teach the concept of ""adjectives"".",synthesi
Develop one plausible ending for all three short stories below.,synthesi
Devise a new economic system based on the ones that already exist.,synthesi
Devise plans to market or make artwork more valuable.,synthesi
Draw a painting that uses various principles of perspective to achieve its effect.,synthesi
"Explain how the biological concept of symbiotic relationships could be used to help solve socially created problems like water pollution, overflowing garbage landfills, or homelessness.",synthesi
Explain why it is likely that a matriarchal family system would be found in a matrilocal or matrilineal society.,synthesi
"Following the identification of the forms of corrosion that were involved in a failure, recommend a solution to avoid this failure?",synthesi
Given two opposing theories design an experiment to compare them.,synthesi
How could we determine the number of pennies in a jar without counting them?,synthesi
How could you re-write this story with a city setting?,synthesi
"how do the clauses and expressions given in the article which replace GOTO statements, lead to the three traditional control statements",synthesi
How many ways can you . . .?,synthesi
How would the U.S.A. be different if the South had won the Civil War?,synthesi
How would you change the story to create a different ending?,synthesi
How would you create/design a new...?,synthesi
How would you restructure the school day to reflect children's developmental needs?,synthesi
Identify one problem in the book and give an alternate solution one not given by the author.,synthesi
If you had access to all resources how would you deal with . . .?,synthesi
Integrate training from several sources to solve a problem.,synthesi
Invent a machine to do a specific task.,synthesi
Justify your choice of data structure.,synthesi
Make a radio announcement that advertise the book. Write it out.,synthesi
Make up a new language code and write material using it.,synthesi
Name one character. Rewrite the story from this character's point of view.,synthesi
Organize this book into three or more sections and give your own subtitle for each section.,synthesi
Plan a research paper on a given historical topic,synthesi
Predict the differences of a planet with no seasonal changes.,synthesi
Prepare a book jacket that illustrates the kind of book as well as the story.,synthesi
Pretend you are a librarian recommending this book to someone. Write a paragraph telling what  you would say.,synthesi
Revise and process to improve the outcome.,synthesi
Revise how to complete a complex task in order to improve the outcome.,synthesi
Revises and process to improve the outcome.,synthesi
"structure, sorts the list in ascending order, displays the list on the screen and stores the list",synthesi
Suppose Phillip wasn't rescued shortly after Timothy's death. How long could he have survived?,synthesi
"Using information from the book about one of the main characters, rewrite the ending of the book.",synthesi
What ideas can you add to...?,synthesi
What might happen if you combined...?,synthesi
What solutions would you suggest for...?,synthesi
What would happen if . . .?,synthesi
What would you predict/infer from...?,synthesi
Why don’t you devise your own way to deal with . . .?,synthesi
Why not compose a song about . . .?,synthesi
"Write a C program that accepts integer inputs from the screen, computes the total and average values; and displays the values on the screen.",synthesi
Write a letter to the editor on a social issue of concern to you.,synthesi
Write a logically organized argument in favor of a given position.,synthesi
Write a poem about this book.,synthesi
Write a set of rules to prevent what happened in the story.,synthesi
Write a short story relating a personal experience in the style of a picaresque novel.,synthesi
Write a song about 'Old MacDonald' who had a bulldozer instead of a farm.,synthesi
Write an essay in not more than 250 words about India and Technological Advancement. Use active voice as much as possible.,synthesi
How do you combine the results of various individual tests to determine whether a student can progress to a next semester / phase / year?,synthesi
 How can we combine and abstract facts about a software system to create new knowledge?,synthesi
How to combine virtual symmetry and symbolic model checking effectively,synthesi
How do we efficiently combine multiple subject graphs to construct an aig with choice,synthesi
how do we devise a way to enforce the laws,synthesi
can you devise an explicit formula for,synthesi
Do you devise a systematic approach in order to get larger progressions,synthesi
Develop and execute a program for this exercise,synthesi
 Develop a network based on the following information: Activity Immediate predecessors,synthesi
How could we develop a coherent measure of success for organisations engaged in this type of activity with young people?,synthesi
"After designing an experiment, examining the results, and drawing conclusions, determines in what ways the experiment could be conducted more effectively in order to draw more productive conclusions in the future.",evaluation
"After examining the videotape of a play in a football game, determine the degree to which the defensive team performed effectively and",evaluation
"After solving a problem, determine the degree to which the problem was solved as efficiently as possible ",evaluation
Appraise data in support of a hypothesis.,evaluation
Appraise the speech's effectiveness based upon the class' criteria.,evaluation
Are there students who should not use the Cornell method?,evaluation
Are you a . . . person?,evaluation
Assess the appropriateness of an author's conclusions based on the evidence given.,evaluation
Assess the importance of understanding seasonal patters.,evaluation
Assess the relative effectiveness of different graphical representations of the same data or biological concept.,evaluation
Assess the strengths and weaknesses of the current Olympics and recommend action that should be taken in future Olympics: What can be,evaluation
"Award the contract to the best proposal. Rank the principles of ""good sportsmanship"" in order of importance to you.",evaluation
Can you defend the idea that Simon's incident with the pig's head is the most mystical in the story?,evaluation
Can you defend your position about . . .?,evaluation
Choose a paint schedule for the maintenance of an outdoor structure? (level 2) ,evaluation
Choose and illustrate the two most important events in the story.,evaluation
Conclude and support which economic system leads to a higher standard of living.,evaluation
Construct a poster that will advertise your new food product in an exciting and irresistible way.,evaluation
Critique an experimental design or a research proposal.,evaluation
"Critique the other student's (or your own) speech, based on the criteria we have studied this semester.",evaluation
Decide whether you are in favor of building on a floodplain; defend your position in a debate.,evaluation
Decide whether you could have survived on the island blind and alone. Write about things that would have been challenging making sure to,evaluation
Decide whether you learned enough about electricity from this book.,evaluation
Decide which candidate would best fill the position of principal.,evaluation
Decide which course of action was most effective ,evaluation
Decide which method of solving a problem was most effective ,evaluation
Defend the following claim: The Cornell method works so well that it could turn even a poor lecture into a valuable learning experience.,evaluation
Defend your use of a specific strategy in solving the problem.,evaluation
Describe the economic consequence of a neolocal society. Support your description with information you have learned from this course.,evaluation
Design a healthy menu that you think most people would enjoy using the healthy eating guide.,evaluation
Determine if a character’s actions were heroic ,evaluation
Do you agree...?,evaluation
Do you think . . . is a good or a bad thing?,evaluation
Establish criteria for making this choice and defend your final selection.,evaluation
"Evaluate a work of art, giving the reasons for your evaluation.",evaluation
Evaluate appropriate and inappropriate actions of characters.,evaluation
Evaluate board games and justify why rules are important.,evaluation
Evaluate the corrosion monitoring needs of a chemical processing plant ,evaluation
Evaluate the level of galvanic coupling between two metals using basic kinetic information? (level 4) ,evaluation
Evaluate two Internet sources of information about the Egyptians. Which would be a better choice for your purpose and why?,evaluation
Evaluate whether their model is a true representation of the local environment.,evaluation
Evaluate your own or a peer's essay in terms of the principles of composition discussed during the semester.,evaluation
Examine the stated positions of both major political candidates with regard to a particular issue and state good reasons (based on principles discussed in class) for why one candidates position is more likely to be effective than the other's.,evaluation
Explain and justify a new budget.,evaluation
Explain choices made in making recommendations to an end user.,evaluation
"Given an argument on any position, enumerate the logical fallacies in that argument.",evaluation
"Given the data available on a research question, take a position and defend it.",evaluation
"Given the data we've looked at on this topic, evaluate how appropriate this conclusion is and defend your answer.",evaluation
"Given the two solutions to the stated programming problem, rate the solutions in  terms of efficiency and readability.",evaluation
"Given three possible approaches to implement the defined system, discuss the possible advantages and disadvantages of each approach.",evaluation
"Given two possible solutions, A and B, to solving the given software development problem, decide on the best solution. Give your justification.",evaluation
How effective are . . .?,evaluation
How would you decide about...?,evaluation
How would you feel if . . .?,evaluation
How would you have handled . . .?,evaluation
"improved, reformed or rejected?",evaluation
"In a given clinical situation, select the most reasonable intervention and predict the main effects and possible side effects.",evaluation
Is there a better solution to . . .?,evaluation
Judge aesthetic qualities and relationship to future values.,evaluation
judge the difficulty level for yourself.,evaluation
Judge the value of . . .?,evaluation
Judge whether it would be possible to survive on an island alone and blinded. Write about it.,evaluation
Judge whether Olympic Ideals are realistic or unrealistic for the contemporary elite athlete.,evaluation
Justify and nominate ways to prevent animal extinction.,evaluation
Justify the title To Kill a Mockingbird .,evaluation
Listen to two classmates conversing on tape and critique their performance on the basis of the skills covered this semester.,evaluation
Place the following in order of priority...,evaluation
Predict what will happen next in.,evaluation
Predict whether Phillip will ever go back to visit the Cay after several years of recovery. Assuming he gets his sight back.,evaluation
Recommend how our classroom or playground could be improved.,evaluation
Select the best proposal for a proposed water treatment plant.,evaluation
Select the most effective solution.,evaluation
suggest ways in which it could have responded more effectively,evaluation
decide about the most exciting part of the book. being sure to give at least three reasons why?,evaluation
Use a judge and jury to discuss the statement 'Children enjoy Anthony Browne's books because of the illustrations'.,evaluation
"Using straight value depreciation, decide between two copper-nickel alloys for the design of a heat exchanger.  ",evaluation
"Using the basic principles of socialism discussed in this course, evaluate the US economic system by providing key arguments to support your judgment.",evaluation
Was Hemingway a great American writer? First you will need to define greatness.,evaluation
What changes to . . . would you recommend?,evaluation
What criteria would you use to assess the validity of a business contract?,evaluation
What criteria would you use to assess...?,evaluation
What do you think about . . .?,evaluation
What is part of this book did you like best. Tell why you like it?,evaluation
What is the most important...?,evaluation
Which of the following actions would probably be least effective in determining the answer? ,evaluation
"Which of the two algorithms, bubblesort or quicksort, is more efficient? Justify your answer.",evaluation
Would you have liked to have had Cinderella for a sister? Explain why or why not.,evaluation
Write a list of criteria to judge the Willy raps.,evaluation
Revise the story and specify the type of audience that would enjoy this book.,evaluation
 Estimate the epicentral coordinates of the earth-quake,evaluation
 Estimate the risk of serious illness for consumers in different susceptible population groups,evaluation
Estimate expenditure on HIV/AIDS education,evaluation
Estimate the difficulty of the question,evaluation
Estimate roughly how long the collision process takes,evaluation
What do you think is the best thing about coming to Viestal?,evaluation
What do you think is the mass and why,evaluation
What do you think are the strengths of using integrated math in your program?,evaluation
Do you think that this statement conveys the idea that i am trying to portray,evaluation
How do you think the community should grow or change,evaluation
How Do You Think One Should Reason in Making Ethical Decisions in Business,evaluation
